pair,atom_type_a,atom_type_b,peak_k,peak_s_k,rdf_cutoff,number_density
O-O,O,O,1.9000000000000001,1.098517045246153,5.975,0.001736111111111111
O-H,O,H,0.8,1.9790990970519515,3.9875,0.004629629629629629
H-H,H,H,0.1,1.79097583091314,3.9875,0.004050925925925926
